{
  "Homepage" : {
    "transaction" : "Homepage",
    "sampleCount" : 20,
    "errorCount" : 0,
    "errorPct" : 0.0,
    "meanResTime" : 15107.05,
    "minResTime" : 11060.0,
    "maxResTime" : 19482.0,
    "pct1ResTime" : 18692.8,
    "pct2ResTime" : 19444.25,
    "pct3ResTime" : 19482.0,
    "throughput" : 1.0007004903432402,
    "receivedKBytesPerSec" : 55.4394423752877,
    "sentKBytesPerSec" : 0.11726958871209847
  },
  "AboutPage-1" : {
    "transaction" : "AboutPage-1",
    "sampleCount" : 16,
    "errorCount" : 0,
    "errorPct" : 0.0,
    "meanResTime" : 9046.999999999998,
    "minResTime" : 8015.0,
    "maxResTime" : 10480.0,
    "pct1ResTime" : 10293.8,
    "pct2ResTime" : 10480.0,
    "pct3ResTime" : 10480.0,
    "throughput" : 1.1217049915872126,
    "receivedKBytesPerSec" : 37.00620059678211,
    "sentKBytesPerSec" : 0.1380222938867078
  },
  "ArchivesPage" : {
    "transaction" : "ArchivesPage",
    "sampleCount" : 20,
    "errorCount" : 2,
    "errorPct" : 10.0,
    "meanResTime" : 13485.05,
    "minResTime" : 682.0,
    "maxResTime" : 20973.0,
    "pct1ResTime" : 17099.400000000005,
    "pct2ResTime" : 20788.649999999998,
    "pct3ResTime" : 20973.0,
    "throughput" : 0.51186241138382,
    "receivedKBytesPerSec" : 20.2006700598879,
    "sentKBytesPerSec" : 0.12201720177616257
  },
  "Total" : {
    "transaction" : "Total",
    "sampleCount" : 128,
    "errorCount" : 6,
    "errorPct" : 4.6875,
    "meanResTime" : 11125.257812499996,
    "minResTime" : 678.0,
    "maxResTime" : 21638.0,
    "pct1ResTime" : 18010.3,
    "pct2ResTime" : 18966.05,
    "pct3ResTime" : 21445.149999999994,
    "throughput" : 2.5187429898266394,
    "receivedKBytesPerSec" : 74.28652653904051,
    "sentKBytesPerSec" : 0.39278493280072413
  },
  "ArchivesPage-1" : {
    "transaction" : "ArchivesPage-1",
    "sampleCount" : 18,
    "errorCount" : 0,
    "errorPct" : 0.0,
    "meanResTime" : 8168.61111111111,
    "minResTime" : 6621.0,
    "maxResTime" : 10747.0,
    "pct1ResTime" : 10010.800000000001,
    "pct2ResTime" : 10747.0,
    "pct3ResTime" : 10747.0,
    "throughput" : 0.5845294537896992,
    "receivedKBytesPerSec" : 25.032080620413065,
    "sentKBytesPerSec" : 0.07363701126842892
  },
  "AboutPage" : {
    "transaction" : "AboutPage",
    "sampleCount" : 20,
    "errorCount" : 4,
    "errorPct" : 20.0,
    "meanResTime" : 14668.300000000001,
    "minResTime" : 678.0,
    "maxResTime" : 21638.0,
    "pct1ResTime" : 20211.100000000002,
    "pct2ResTime" : 21570.85,
    "pct3ResTime" : 21638.0,
    "throughput" : 0.7934933544931562,
    "receivedKBytesPerSec" : 21.697897552568936,
    "sentKBytesPerSec" : 0.1749714838325729
  },
  "AboutPage-0" : {
    "transaction" : "AboutPage-0",
    "sampleCount" : 16,
    "errorCount" : 0,
    "errorPct" : 0.0,
    "meanResTime" : 9108.75,
    "minResTime" : 7954.0,
    "maxResTime" : 11157.0,
    "pct1ResTime" : 10687.300000000001,
    "pct2ResTime" : 11157.0,
    "pct3ResTime" : 11157.0,
    "throughput" : 1.06234645773853,
    "receivedKBytesPerSec" : 1.0322604740721069,
    "sentKBytesPerSec" : 0.1296809640794104
  },
  "ArchivesPage-0" : {
    "transaction" : "ArchivesPage-0",
    "sampleCount" : 18,
    "errorCount" : 0,
    "errorPct" : 0.0,
    "meanResTime" : 6738.777777777778,
    "minResTime" : 5788.0,
    "maxResTime" : 10226.0,
    "pct1ResTime" : 7759.100000000004,
    "pct2ResTime" : 10226.0,
    "pct3ResTime" : 10226.0,
    "throughput" : 0.5926511260371395,
    "receivedKBytesPerSec" : 0.5504015828723825,
    "sentKBytesPerSec" : 0.07408139075464243
  }
}